image_id,page_url,original_width,original_height,artist,tags
274,http://anime-pictures.net/pictures/view_post/383141?lang=en,1205,731,shikei,original;shikei;single;short hair;wide image;light erotic;pink hair;sky;pantyshot;from behind;cloudy sky;girl;skirt;underwear;uniform;panties;school uniform;miniskirt;shirt;umbrella;building (buildings);vest;(wire) wires;school bag;watch;power lines;sweater vest;
273,http://anime-pictures.net/pictures/view_post/383142?lang=en,1205,731,shikei,eiyuu densetsu;sen no kiseki;falcom (studio);laura s arseid;shikei;long hair;single;wide image;light erotic;looking at viewer;blue hair;ass;grey eyes;adjusting hair;dutch angle;girl;swimsuit;window;one-piece swimsuit;
272,http://anime-pictures.net/pictures/view_post/383143?lang=en,1205,731,shikei,original;shikei;long hair;single;wide image;light erotic;looking at viewer;brown hair;brown eyes;sitting;no shoes;wet clothes;indoors;dutch angle;wet shirt;slightly open shirt;girl;socks;black socks;lingerie;bra;ice cream;school bag;watch;mobile phone;notebook;
271,http://anime-pictures.net/pictures/view_post/383144?lang=en,1205,731,shikei,shikei;long hair;wide image;blue eyes;open mouth;blonde hair;brown hair;blue hair;cloud (clouds);sky;multiple girls;braid (braids);3girls;grey eyes;single braid;running;= =;girl;bow;ribbon (ribbons);hair bow;hair ribbon;jacket;
270,http://anime-pictures.net/pictures/view_post/383145?lang=en,1205,731,shikei,original;shikei;single;short hair;wide image;open mouth;red eyes;red hair;cloud (clouds);looking away;sea;flying;broom riding;girl;skirt;gloves;belt;black gloves;capelet;
269,http://anime-pictures.net/pictures/view_post/383146?lang=en,1205,731,shikei,kyoukai senjou no horizon;adele balfetto;mukai suzu;shikei;long hair;wide image;blue eyes;open mouth;blonde hair;girls;2girls;sitting;purple hair;ponytail;hair over eyes;sweatdrop;girl;gloves;glasses;fingerless gloves;headdress;food;glass;bowl;
268,http://anime-pictures.net/pictures/view_post/383147?lang=en,1205,731,shikei,original;shikei;long hair;single;blush;wide image;open mouth;light erotic;looking at viewer;green eyes;sky;green hair;star (stars);holding;night;pantyshot;bent knee (knees);midair;girl;underwear;panties;gloves;ribbon (ribbons);hat;elbow gloves;pantyhose;bag;black gloves;santa claus hat;santa claus costume;
267,http://anime-pictures.net/pictures/view_post/383169?lang=en,3622,3036,yuuko (renhaowei2010),7th dragon 2020;vocaloid;hatsune miku;yuuko (renhaowei2010);single;highres;blue eyes;twintails;blue hair;absurdres;very long hair;star (stars);night;wind;night sky;sleeveless;hand on head;shooting star;girl;thighhighs;dress;headphones;
266,http://anime-pictures.net/pictures/view_post/383202?lang=en,1223,1736,wa (genryusui),kantai collection;ikazuchi destroyer;wa (genryusui);single;tall image;short hair;blush;looking at viewer;brown hair;simple background;white;sitting;ass;orange eyes;zettai ryouiki;girl;thighhighs;skirt;black thighhighs;miniskirt;shoes;sailor suit;hairpin (hairpins);
265,http://anime-pictures.net/pictures/view_post/383219?lang=en,800,1131,ragho no erika,k-on!;nakano azusa;ragho no erika;long hair;single;tall image;black hair;looking at viewer;twintails;brown eyes;simple background;white;happy birthday;girl;dress;gloves;white gloves;staff;crown;mini crown;
264,http://anime-pictures.net/pictures/view_post/383220?lang=en,1495,488,steelleets,original;steelleets;long hair;single;blush;wide image;brown hair;brown eyes;wind;autumn;girl;scarf;leaf (leaves);branch;maple leaf;
263,http://anime-pictures.net/pictures/view_post/383241?lang=en,2000,1753,s-syogo,touhou;yakumo yukari;s-syogo;long hair;single;highres;blonde hair;looking at viewer;purple eyes;revision;girl;dress;bow;gloves;tree (trees);socks;frills;white socks;bonnet;white gloves;
262,http://anime-pictures.net/pictures/view_post/383242?lang=en,2149,3035,dean (artist),amagi brilliant park;salama (amaburi);dean (artist);single;tall image;short hair;highres;light erotic;red eyes;breasts;red hair;cleavage;:p;girl;bikini;tongue;
261,http://anime-pictures.net/pictures/view_post/383225?lang=en,827,1169,chikuwa (glossymmmk),original;chikuwa (glossymmmk);long hair;single;tall image;open mouth;black hair;looking at viewer;sitting;black eyes;girl;skirt;uniform;socks;seifuku;black socks;
260,http://anime-pictures.net/pictures/view_post/383227?lang=en,5653,7776,ueno chiyoko,amagi brilliant park;sento isuzu;latifa fleuranza;ueno chiyoko;long hair;tall image;blush;highres;blue eyes;light erotic;blonde hair;brown hair;breasts;brown eyes;girls;2girls;cloud (clouds);sky;absurdres;cleavage;official art;navel;bikini;
259,http://anime-pictures.net/pictures/view_post/383228?lang=en,5644,7792,saitou tetsuhito,fate (series);fate/stay night;type-moon;saber;toosaka rin;saitou tetsuhito;long hair;tall image;highres;blue eyes;black hair;blonde hair;smile;girls;white;2girls;absurdres;official art;bow;hair bow;scarf;coat;
258,http://anime-pictures.net/pictures/view_post/383229?lang=en,5659,7786,sakai kyuuta,selector infected wixoss;kominato ruuko;kurebayashi yuzuki;uemura hitoe;sakai kyuuta;long hair;tall image;highres;blue eyes;open mouth;black hair;brown eyes;girls;2girls;absurdres;lying;official art;thighhighs;glasses;striped thighhighs;pillow;pajamas;
257,http://anime-pictures.net/pictures/view_post/383230?lang=en,7786,5645,nakagawa hideki,inou-battle wa nichijou-kei no naka de;himeki chifuyu;kanzaki tomoyo;kushikawa hatoko;takanashi sayumi;nakagawa hideki;long hair;short hair;highres;black hair;blonde hair;red eyes;brown eyes;purple eyes;red hair;eyes closed;absurdres;multiple girls;braid (braids);official art;4girls;thighhighs;skirt;uniform;school uniform;white thighhighs;necktie;pantyhose;striped thighhighs;
256,http://anime-pictures.net/pictures/view_post/383234?lang=en,880,1248,shoutai (7490773),gekkan shoujo nozaki-kun;sakura chiyo;shoutai (7490773);long hair;single;tall image;blush;open mouth;light erotic;purple eyes;orange hair;skirt lift;girl;thighhighs;skirt;underwear;uniform;panties;bow;black thighhighs;school uniform;hair bow;paper;
255,http://anime-pictures.net/pictures/view_post/383231?lang=en,7784,5643,hattori satoshi,sora no method;noel (sora no method);komiya nonoka;hattori satoshi;long hair;short hair;blush;highres;blue eyes;black hair;girls;purple eyes;blue hair;2girls;absurdres;official art;thighhighs;skirt;bow;black thighhighs;hair bow;socks;black socks;
254,http://anime-pictures.net/pictures/view_post/383232?lang=en,5659,7773,yoshida yuuichi,madan no ou to vanadis;ellenora viltaria;ludmila lourie;sofya orbertus;yoshida yuuichi;long hair;tall image;short hair;blush;highres;blue eyes;open mouth;light erotic;blonde hair;red eyes;green eyes;blue hair;bare shoulders;white hair;absurdres;multiple girls;pantyshot;3girls;official art;dress;underwear;panties;weapon;hair ornament;tree (trees);sword;
253,http://anime-pictures.net/pictures/view_post/383235?lang=en,1400,1500,poseich,unleashed;poseich;single;tall image;short hair;blue eyes;light erotic;blonde hair;looking at viewer;breasts;white;large breasts;girl;navel;weapon;hair ornament;katana;
252,http://anime-pictures.net/pictures/view_post/383236?lang=en,1400,1500,poseich,unleashed;poseich;long hair;single;tall image;light erotic;looking at viewer;brown hair;breasts;white;yellow eyes;large breasts;ass;nude;girl;weapon;hair ornament;sword;
251,http://anime-pictures.net/pictures/view_post/383237?lang=en,1400,1500,poseich,unleashed;poseich;long hair;single;tall image;light erotic;looking at viewer;breasts;white;pink hair;large breasts;ass;pink eyes;girl;thighhighs;weapon;hair ornament;white thighhighs;sword;
250,http://anime-pictures.net/pictures/view_post/383239?lang=en,1320,1337,evandragon,kantai collection;kaga aircraft carrier;evandragon;long hair;single;tall image;black hair;light erotic;breasts;brown eyes;white;large breasts;side ponytail;girl;pocky;
249,http://anime-pictures.net/pictures/view_post/383240?lang=en,1000,708,fusuma (not found),fate (series);fate/stay night;type-moon;toosaka rin;archer;fusuma (not found);long hair;short hair;blue eyes;looking at viewer;brown hair;brown eyes;white hair;wink;girl;thighhighs;male;skirt;bow;black thighhighs;hair bow;cloak;
248,http://anime-pictures.net/pictures/view_post/383245?lang=en,1860,2630,totsuka (kapadaizin),original;totsuka (kapadaizin);long hair;single;tall image;highres;open mouth;light erotic;red eyes;brown hair;pantyshot;witch;halloween;girl;thighhighs;dress;underwear;panties;hat;striped thighhighs;witch hat;
247,http://anime-pictures.net/pictures/view_post/383246?lang=en,800,1132,windfeathers,puzzle  dragons;yomi (pd);windfeathers;long hair;tall image;black hair;red eyes;cloud (clouds);ponytail;night;night sky;girl;thighhighs;skirt;uniform;weapon;black thighhighs;hair ornament;petals;tree (trees);seifuku;katana;moon;
246,http://anime-pictures.net/pictures/view_post/383224?lang=en,886,1253,nanaya (daaijianglin),kill la kill;matoi ryuuko;mankanshoku mako;mikisugi aikurou;kinagase tsumugu;nanaya (daaijianglin);tall image;short hair;blue eyes;black hair;light erotic;looking at viewer;brown hair;breasts;girls;blue hair;2girls;sitting;red hair;standing;midriff;muscle;bicolored hair;underboob;partial nude;girl;male;skirt;uniform;gloves;weapon;miniskirt;sword;boots;thigh boots;cup;suspenders;
245,http://anime-pictures.net/pictures/view_post/383243?lang=en,1254,1679,yushika,original;yushika;tall image;short hair;open mouth;light erotic;eyes closed;inscription;grey hair;hand on head;screaming;minigirl;miniboy;girl;thighhighs;skirt;underwear;uniform;panties;black thighhighs;miniskirt;seifuku;
